{
"alphaSounds":[

{ "name":"A",
  "sound":"assets/soundFiles/A.wav"},
  { "name":"B",
    "sound":"assets/soundFiles/B.wav"},
  { "name":"C",
    "sound":"assets/soundFiles/C.wav"},
  { "name":"D",
    "sound":"assets/soundFiles/D.wav"},
  { "name":"E",
    "sound":"assets/soundFiles/E.wav"},
  { "name":"F",
    "sound":"assets/soundFiles/F.wav"},
  { "name":"G",
    "sound":"assets/soundFiles/G.wav"},
  { "name":"H",
    "sound":"assets/soundFiles/H.wav"},
  { "name":"I",
    "sound":"assets/soundFiles/I.wav"},
  { "name":"J",
    "sound":"assets/soundFiles/J.wav"},
  { "name":"K",
    "sound":"assets/soundFiles/K.wav"},
  { "name":"L",
    "sound":"assets/soundFiles/L.wav"},
  { "name":"M",
    "sound":"assets/soundFiles/M.wav"},
  { "name":"N",
    "sound":"assets/soundFiles/N.wav"},
  { "name":"O",
    "sound":"assets/soundFiles/O.wav"},
  { "name":"P",
    "sound":"assets/soundFiles/P.wav"},
  { "name":"Q",
    "sound":"assets/soundFiles/Q.wav"},
  { "name":"R",
    "sound":"assets/soundFiles/R.wav"},
  { "name":"S",
    "sound":"assets/soundFiles/S.wav"},
  { "name":"T",
    "sound":"assets/soundFiles/T.wav"},
  { "name":"U",
    "sound":"assets/soundFiles/U.wav"},
  { "name":"V",
    "sound":"assets/soundFiles/V.wav"},
  { "name":"W",
    "sound":"assets/soundFiles/W.wav"},
  { "name":"X",
    "sound":"assets/soundFiles/X.wav"},
  { "name":"Y",
    "sound":"assets/soundFiles/Y.wav"},
  { "name":"Z",
    "sound":"assets/soundFiles/Z.wav"}
]
}